数据年月,商品编码,商品名称,美元
202501,0102,牛,1562561
202501,0103,猪,2139891
202501,0104,绵羊、山羊,24261
202501,0105,家禽，即鸡、鸭、鹅、...,165712
202501,0106,其他活动物,4364791
202501,0201,鲜、冷牛肉,528916
202501,0202,冻牛肉,567898
202501,0203,鲜、冷、冻猪肉,11553314
202501,0204,鲜、冷、冻绵羊肉或山...,2033921
202501,0205,鲜、冷、冻马、驴、骡...,607925
202501,0206,鲜、冷、冻牛、猪、绵...,761463
202501,0207,品目0105所列家禽...,73156948
202501,0208,其他鲜、冷、冻肉及食...,2641338
202501,0209,未炼制或用其他方法提...,14740
202501,0210,肉及食用杂碎，干、熏...,1017575
202501,0301,活鱼,44878516
202501,0302,鲜、冷鱼，但品目03...,18281838
202501,0303,冻鱼，但品目03.0...,273069869
202501,0304,鲜、冷、冻鱼片及其他...,384581502
202501,0305,干、盐腌或盐渍的鱼；...,43341701
202501,0306,活、鲜、冷、冻、干、...,80534353
202501,0307,活、鲜、冷、冻、干、...,256064886
202501,0308,不属于甲壳动物及软体...,5053551
202501,0309,适合供人食用的鱼、甲...,181992
202501,0401,未浓缩及未加糖或其他...,2203793
202501,0402,浓缩、加糖或其他甜物...,13235210
202501,0403,酸乳；酪乳、结块的乳...,1321067
202501,0404,乳清，不论是否浓缩、...,135195
202501,0405,黄油及其他从乳提取的...,2053023
202501,0406,乳酪及凝乳,337768
202501,0407,带壳禽蛋，鲜、腌制或...,22121043
202501,0408,去壳禽蛋及蛋黄，鲜、...,5041444
202501,0409,天然蜂蜜,23063606
202501,0410,其他品目未列名的昆虫...,6391812
202501,0502,猪鬃、猪毛；獾毛及其...,3552273
202501,0504,整个或切块的动物（鱼...,89013080
202501,0505,带有羽毛或羽绒的鸟皮...,83389668
202501,0506,骨及角柱，未经加工或...,1127
202501,0507,兽牙、龟壳、鲸须、鲸...,1521374
202501,0508,珊瑚及类似品，未经加...,1024126
202501,0510,龙涎香、海狸香、灵猫...,219323
202501,0511,未列名的动物产品；不...,13780651
202501,0601,鳞茎、块茎、块根、球...,290625
202501,0602,其他活植物（包括其根...,41946641
202501,0603,制花束或装饰用的插花...,17434866
202501,0604,制花束或装饰用的不带...,5602389
202501,0701,鲜或冷藏的马铃薯,17797782
202501,0702,鲜或冷藏的番茄,6796643
202501,0703,鲜或冷藏洋葱、青葱、...,274307020
202501,0704,鲜或冷藏的卷心菜、菜...,49238108
202501,0705,鲜或冷藏的莴苣及菊苣,11947245
202501,0706,鲜或冷藏的胡萝卜、芜...,35947983
202501,0707,鲜或冷藏的黄瓜及小黄...,4703744
202501,0708,鲜或冷藏的豆类蔬菜，...,14638533
202501,0709,鲜或冷藏的其他蔬菜,85211048
202501,0710,冷冻蔬菜（不论是否蒸...,157896556
202501,0711,暂时保藏的蔬菜，但不...,16573567
202501,0712,干蔬菜，整个、切块、...,207788764
202501,0713,脱荚的干豆，不论是否...,40417470
202501,0714,鲜、冷、冻或干的木薯...,19229613
202501,0801,鲜或干的椰子、巴西果...,145009
202501,0802,鲜或干的其他坚果，不...,177120055
202501,0803,鲜或干的香蕉，包括芭...,2384181
202501,0804,鲜或干的椰枣、无花果...,7095632
202501,0805,鲜或干的柑桔属水果,204689538
202501,0806,鲜或干的葡萄,87177131
202501,0807,鲜的甜瓜（包括西瓜）...,3042737
202501,0808,鲜的苹果、梨及榅桲,142586155
202501,0809,鲜的杏、樱桃、桃（包...,5744006
202501,0810,其他鲜果,29300339
202501,0811,冷冻水果及坚果，不论...,23785290
202501,0812,暂时保藏的水果及坚果...,2039718
202501,0813,品目0801至080...,27932242
202501,0814,柑桔属水果或甜瓜（包...,281811
202501,0901,咖啡，不论是否焙炒或...,11971213
202501,0902,茶，不论是否加香料,150654152
202501,0904,胡椒；辣椒干及辣椒粉,87017754
202501,0906,肉桂及肉桂花,8069583
202501,0907,丁香（母丁香、公丁香...,307501
202501,0908,肉豆蔻、肉豆蔻衣及豆...,56474
202501,0909,茴芹子、八角茴香、小...,10176384
202501,0910,姜、番红花、姜黄、麝...,72999918
202501,1003,大麦,2179
202501,1004,燕麦,5389
202501,1005,玉米,16207
202501,1006,稻谷、大米,68529815
202501,1007,食用高粱,232935
202501,1008,荞麦、谷子及加那利草...,2794989
202501,1101,小麦或混合麦的细粉,5970948
202501,1102,其他谷物细粉，但小麦...,146431
202501,1103,谷物的粗粒、粗粉及团...,12233
202501,1104,经其他加工的谷物（例...,2511119
202501,1105,马铃薯的细粉、粗粉、...,1184126
202501,1106,用品目0713的干豆...,5331830
202501,1107,麦芽，不论是否焙制,37192210
202501,1108,淀粉；菊粉,10486496
202501,1109,面筋，不论是否干制,24041503
202501,1201,大豆，不论是否破碎,6149318
202501,1202,未焙炒或未烹煮的花生...,23962020
202501,1203,干椰子肉,367
202501,1204,亚麻子，不论是否破碎,120931
202501,1205,油菜子，不论是否破碎,3
202501,1206,葵花子，不论是否破碎,96159350
202501,1207,其他含油子仁及果实，...,30091599
202501,1208,含油子仁或果实的细粉...,2346483
202501,1209,种植用的种子、果实及...,26223206
202501,1210,鲜或干的啤酒花，不论...,148754
202501,1211,主要用作香料、药料、...,81486113
202501,1212,鲜、冷、冻或干的刺槐...,100162718
202501,1213,未经处理的谷类植物的...,136961
202501,1214,芜菁甘蓝、饲料甜菜、...,161793
202501,1301,虫胶；天然树胶、树脂...,630498
202501,1302,植物液汁及浸膏；果胶...,202777088
202501,1401,主要作编结用的植物材...,9490514
202501,1404,其他编码未列名的植物...,21836880
202501,1501,猪脂肪（包括已炼制的...,361042
202501,1502,牛、羊脂肪，但品目1...,633926
202501,1504,鱼或海生哺乳动物的油...,44496785
202501,1505,羊毛脂及从羊毛脂制得...,4260853
202501,1506,其他动物油、脂及其分...,1125850
202501,1507,豆油及其分离品，不论...,41421450
202501,1508,花生油及其分离品，不...,2079869
202501,1509,油橄榄油及其分离品，...,291017
202501,1511,棕榈油及其分离品，不...,504251
202501,1512,葵花油、红花油、棉子...,1180265
202501,1513,椰子油、棕榈仁油或巴...,1932
202501,1514,菜子油或芥子油及其分...,2605842
202501,1515,其他固定植物或微生物...,16919132
202501,1516,动、植物或微生物油、...,3132879
202501,1517,人造黄油；本章各种动...,10211026
202501,1518,动、植物或微生物油、...,164257148
202501,1520,粗甘油；甘油水及甘油...,9269
202501,1521,植物蜡（甘油三酸酯除...,4467825
202501,1522,油鞣回收脂；加工处理...,429972
202501,1601,肉、食用杂碎、动物血...,16563394
202501,1602,其他方法制作或保藏的...,175355284
202501,1603,肉、鱼、甲壳动物、软...,2586748
202501,1604,制作或保藏的鱼；鲟鱼...,470718792
202501,1605,制作或保藏的甲壳动物...,415968162
202501,1701,固体甘蔗糖、甜菜糖及...,12536597
202501,1702,其他固体糖，包括化学...,125243406
202501,1703,制糖后所剩的糖蜜,1804
202501,1704,不含可可的糖食（包括...,179427073
202501,1804,可可脂、可可油,1840207
202501,1805,未加糖或其他甜物质的...,2896083
202501,1806,巧克力及其他含可可的...,58969647
202501,1901,麦精；细粉、粗粒、粗...,21546587
202501,1902,面食，不论是否煮熟、...,130187060
202501,1903,珍粉及淀粉制成的珍粉...,1817434
202501,1904,谷物或谷物产品经膨化...,31370558
202501,1905,面包、糕点、饼干及其...,82495348
202501,2001,蔬菜、水果、坚果及植...,12639330
202501,2002,番茄，用醋或醋酸以外...,82633961
202501,2003,蘑菇及块菌，用醋或醋...,63356541
202501,2004,其他冷冻蔬菜，用醋或...,66770997
202501,2005,其他未冷冻蔬菜，用醋...,181941432
202501,2006,糖渍蔬菜、水果、坚果...,31608142
202501,2007,烹煮的果酱、果冻、柑...,10131987
202501,2008,用其他方法制作或保藏...,307620631
202501,2009,未发酵及未加酒精的水...,96369942
202501,2101,咖啡、茶、马黛茶的浓...,21365785
202501,2102,酵母（活性或非活性）...,52667713
202501,2103,调味汁及其制品；混合...,140027744
202501,2104,汤料及其制品；均化混...,7810994
202501,2105,冰淇淋及其他冰制食品...,4373977
202501,2106,其他品目未列名的食品,395321174
202501,2201,未加糖或其他甜物质及...,7678124
202501,2202,加味、加糖或其他甜物...,39145335
202501,2203,麦芽酿造的啤酒,43982327
202501,2204,鲜葡萄酿造的酒，包括...,2751360
202501,2205,味美思酒及其他加植物...,3031
202501,2206,其他发酵饮料（例如，...,3278147
202501,2207,未改性乙醇，按容量计...,6602478
202501,2208,未改性乙醇，按容量计...,71966974
202501,2209,醋及用醋酸制得的醋代...,2060570
202501,2301,不适于供人食用的肉、...,254399
202501,2302,谷物或豆类植物在筛、...,383734
202501,2303,制造淀粉过程中的残渣...,35042314
202501,2304,提炼豆油所得的油渣饼...,41816600
202501,2305,提炼花生油所得的油渣...,129733
202501,2306,品目23.04或23...,3171604
202501,2308,动物饲料用的其他处未...,8463337
202501,2309,配制的动物饲料,268716383
202501,2401,烟草；烟草废料,37258414
202501,2402,烟草或烟草代用品制成...,14393166
202501,2403,其他烟草及烟草代用品...,3297071
202501,2404,含烟草、再造烟草、尼...,730434952
202501,2501,盐（包括精制盐及变性...,14857185
202501,2502,未焙烧的黄铁矿,1508392
202501,2503,各种硫磺，但升华硫磺...,75056
202501,2504,天然石墨,17934161
202501,2505,各种天然砂，不论是否...,844911
202501,2506,石英（天然砂除外）；...,12372315
202501,2507,高岭土及类似土，不论...,12252822
202501,2508,其他黏土（不包括品目...,21361442
202501,2509,白垩,4917
202501,2510,天然磷酸钙、天然磷酸...,3551655
202501,2511,天然硫酸钡（重晶石）...,14382406
202501,2512,硅质化石粗粉（例如各...,1083933
202501,2513,浮石；刚玉岩；天然刚...,3145262
202501,2514,板岩，不论是否粗加修...,246173
202501,2515,大理石、石灰华及其他...,697646
202501,2516,花岗岩、斑岩、玄武岩...,332006
202501,2517,通常作混凝土粒料、铺...,19429775
202501,2518,白云石，不论是否煅烧...,3117926
202501,2519,天然碳酸镁（菱镁矿）...,84314719
202501,2520,生石膏；硬石膏；熟石...,1336645
202501,2521,石灰石助熔剂；通常用...,299415
202501,2522,生石灰、熟石灰及水硬...,4269010
202501,2523,硅酸盐水泥、矾土水泥...,20974335
202501,2524,石棉,1745124
202501,2525,云母，包括云母片；云...,3506359
202501,2526,天然冻石，不论是否粗...,11873387
202501,2528,天然硼酸盐及其精矿(...,262487
202501,2529,长石；白榴石；霞石及...,12834328
202501,2530,其他品目未列名的矿产...,12611987
202501,2601,铁矿砂及其精矿，包括...,201728717
202501,2602,锰矿砂及其精矿，包括...,11953694
202501,2603,铜矿砂及其精矿,1766
202501,2606,铝矿砂及其精矿,125872
202501,2610,铬矿砂及其精矿,923006
202501,2613,钼矿砂及其精矿,43102844
202501,2614,钛矿砂及其精矿,11162240
202501,2615,铌、钽、钒或锆矿砂及...,993855
202501,2618,冶炼钢铁所产生的粒状...,7101367
202501,2619,冶炼钢铁所产生的熔渣...,610755
202501,2620,含有金属、砷及其化合...,366203
202501,2621,其他矿渣及矿灰，包括...,6468149
202501,2701,煤；煤砖、煤球及用煤...,60123459
202501,2702,褐煤，不论是否制成型...,17094
202501,2703,泥煤（包括肥料用泥煤...,37089
202501,2704,煤、褐煤或泥煤制成的...,115364868
202501,2706,从煤、褐煤或泥煤蒸馏...,129808
202501,2707,蒸馏高温煤焦油所得的...,4287435
202501,2708,从煤焦油或其他矿物焦...,24206591
202501,2709,石油原油及从沥青矿物...,250055288
202501,2710,石油及从沥青矿物提取...,2424993810
202501,2711,石油气及其他烃类气,271563770
202501,2712,凡士林；石蜡、微晶石...,60108226
202501,2713,石油焦、石油沥青及其...,65246927
202501,2714,天然沥青（地沥青）、...,381157
202501,2715,以天然沥青（地沥青）...,644523
202501,2716,电力,116528733
202501,2801,氟、氯、溴及碘,1648189
202501,2803,碳（碳黑及其他品目未...,99982901
202501,2804,氢、稀有气体及其他非...,124629207
202501,2805,碱金属、碱土金属；稀...,21979158
202501,2806,氯化氢（盐酸）；氯磺...,1232723
202501,2807,硫酸；发烟硫酸,16423948
202501,2808,硝酸；磺硝酸,1548838
202501,2809,五氧化二磷；磷酸；多...,52308123
202501,2810,硼的氧化物；硼酸,847845
202501,2811,其他无机酸及非金属无...,138876776
202501,2812,非金属卤化物及卤氧化...,14634278
202501,2813,非金属硫化物；商品三...,3086827
202501,2814,氨及氨水,2435978
202501,2815,氢氧化钠（烧碱）；氢...,106246233
202501,2816,氢氧化及过氧化镁；锶...,4050465
202501,2817,氧化锌及过氧化锌,3247657
202501,2818,人造刚玉，不论是否已...,233260562
202501,2819,铬的氧化物及氢氧化物,4419143
202501,2820,锰的氧化物,8896296
202501,2821,铁的氧化物及氢氧化物...,26708550
202501,2822,钴的氧化物及氢氧化物...,8265511
202501,2823,钛的氧化物,8000398
202501,2824,铅的氧化物；铅丹及铅...,533321
202501,2825,肼（联氨）、胲（羟胺...,187529038
202501,2826,氟化物；氟硅酸盐、氟...,59626790
202501,2827,氯化物、氯氧化物及氢...,70872502
202501,2828,次氯酸盐；商品次氯酸...,16926559
202501,2829,氯酸盐及高氯酸盐；溴...,6756753
202501,2830,硫化物；多硫化物，不...,22674035
202501,2831,连二亚硫酸盐及次硫酸...,10582330
202501,2832,亚硫酸盐；硫代硫酸盐,11282767
202501,2833,硫酸盐；矾；过硫酸盐,87568992
202501,2834,亚硝酸盐；硝酸盐,17713289
202501,2835,次磷酸盐、亚磷酸盐及...,124655354
202501,2836,碳酸盐；过碳酸盐；含...,87059443
202501,2837,氰化物、氧氰化物及氰...,39586859
202501,2839,硅酸盐；商品碱金属硅...,10590629
202501,2840,硼酸盐及过硼酸盐,2872229
202501,2841,金属酸盐及过金属酸盐,25941255
202501,2842,其他无机酸盐及过氧酸...,156972294
202501,2843,胶态贵金属；贵金属的...,22767614
202501,2844,放射性化学元素及放射...,303499
202501,2845,品目28.44以外的...,36279512
202501,2846,稀土金属、钇、钪及其...,49065539
202501,2847,过氧化氢，不论是否用...,1328944
202501,2849,碳化物，不论是否已有...,49329349
202501,2850,氢化物、氮化物、叠氮...,14965574
202501,2853,磷化物，不论是否已有...,74327726
202501,2901,无环烃,25585588
202501,2902,环烃,122495786
202501,2903,烃的卤化衍生物,132878043
202501,2904,烃的磺化、硝化或亚硝...,21150755
202501,2905,无环醇及其卤化、磺化...,209074510
202501,2906,环醇及其卤化、磺化、...,60764094
202501,2907,酚；酚醇,41878259
202501,2908,酚及酚醇的卤化、磺化...,5547331
202501,2909,醚、醚醇、醚酚、醚醇...,302495586
202501,2910,三节环环氧化物、环氧...,16354515
202501,2911,缩醛及半缩醛，不论是...,1510042
202501,2912,醛，不论是否含有其他...,56272069
202501,2913,品目2912产品的卤...,4020010
202501,2914,酮及醌，不论是否含有...,166539006
202501,2915,饱和无环一元羧酸及其...,252163594
202501,2916,不饱和无环一元羧酸、...,183503182
202501,2917,多元羧酸及其酸酐、酰...,389839709
202501,2918,含附加含氧基的羧酸及...,297970257
202501,2919,磷酸脂及其盐，包括乳...,41807606
202501,2920,其他非金属无机酸酯（...,46111450
202501,2921,氨基化合物,229798578
202501,2922,含氧基氨基化合物,575213914
202501,2923,季铵盐及季铵碱；卵磷...,54071654
202501,2924,羧基酰胺基化合物；碳...,291970276
202501,2925,羧基酰亚胺化合物（包...,78366346
202501,2926,腈基化合物,114387211
202501,2927,重氮化合物、偶氮化合...,24253523
202501,2928,肼（联氨）及胲（羟胺...,18691691
202501,2929,其他含氮基化合物,140623422
202501,2930,有机硫化合物,320594616
202501,2931,其他有机—无机化合物,243168807
202501,2932,仅含氧杂原子的杂环化...,291818366
202501,2933,仅含有氮杂原子的杂环...,1062092611
202501,2934,核酸及其盐，不论是否...,454933012
202501,2935,磺（酰）胺,70265930
202501,2936,天然或合成再制的维生...,411557870
202501,2937,天然或合成再制的激素...,184961879
202501,2938,天然或合成再制的苷（...,65974845
202501,2939,天然或合成再制的生物...,17103007
202501,2940,化学纯糖，但蔗糖、乳...,29264895
202501,2941,抗菌素,412225532
202501,2942,其他有机化合物,4519257
202501,3001,已干燥的器官疗法用腺...,66566624
202501,3002,人血；治病、防病或诊...,123379381
202501,3003,两种或两种以上成分混...,105352809
202501,3004,环己醇、甲基环己醇及...,602841018
202501,3005,软填料、纱布、绷带及...,208583668
202501,3006,本章注释4 所规定的...,64566710
202501,3101,动物或植物肥料，不论...,1682285
202501,3102,矿物氮肥及化学氮肥,187167928
202501,3103,矿物磷肥及化学磷肥,73427404
202501,3104,矿物钾肥及化学钾肥,5097578
202501,3105,含氮、磷、钾中二种或...,162225384
202501,3201,植物鞣料浸膏；鞣酸及...,513785
202501,3202,有机合成鞣料；无机鞣...,2389466
202501,3203,动植物质着色料（包括...,30706717
202501,3204,有机合成着色料，不论...,236257495
202501,3205,色淀；本章注释3所述...,196939
202501,3206,其他着色料；本章注释...,360359123
202501,3207,陶瓷、搪瓷及玻璃工业...,32734778
202501,3208,以合成聚合物或化学改...,74157582
202501,3209,以合成聚合物或化学改...,18762257
202501,3210,其他油漆及清漆（包括...,4907181
202501,3211,配制的催干剂,1695590
202501,3212,制造油漆（含瓷漆）用...,9843529
202501,3213,艺术家、学生和广告美...,42363497
202501,3214,安装玻璃用油灰、接缝...,54280470
202501,3215,印刷油墨、书写或绘图...,62168498
202501,3301,精油（无萜或含萜），...,34508627
202501,3302,工业原料用的混合香料...,53427231
202501,3303,香水及花露水,58137383
202501,3304,美容品或化妆品及护肤...,425981089
202501,3305,护发品,66806196
202501,3306,口腔及牙齿清洁剂，包...,75283800
202501,3307,剃须用制剂、人体除臭...,134390717
202501,3401,肥皂；作肥皂用的有机...,145843696
202501,3402,有机表面活性剂（肥皂...,379761830
202501,3403,润滑剂（包括以润滑剂...,42473208
202501,3404,人造蜡及调制蜡,39288264
202501,3405,鞋靴、家具、地板、车...,15606464
202501,3406,各种蜡烛及类似品,97176881
202501,3407,塑型用膏，包括供儿童...,51291064
202501,3501,酪蛋白、酪蛋白酸盐及...,194452
202501,3502,白蛋白（包括按重量计...,326933
202501,3503,明胶（包括长方形、正...,25722267
202501,3504,蛋白胨及其衍生物；其...,66288454
202501,3505,糊精及其他改性淀粉（...,27827063
202501,3506,其他品目未列名的调制...,299837200
202501,3507,酶；其他品目未列名的...,65327929
202501,3601,发射药,1136768
202501,3602,配制炸药， 但发射药...,1850494
202501,3603,安全导火索；导爆索；...,6536378
202501,3604,烟花、爆竹、信号弹、...,97631844
202501,3605,火柴， 但品目360...,685913
202501,3606,各种形状的铈铁及其他...,2615449
202501,3701,未曝光的摄影感光硬片...,85662553
202501,3702,成卷的未曝光摄影感光...,12345065
202501,3703,未曝光的摄影感光纸、...,4345762
202501,3705,已曝光已冲洗的摄影硬...,11396
202501,3707,摄影用化学制剂（不包...,22093155
202501,3801,人造石墨；胶态或半胶...,112165746
202501,3802,活性碳；活性天然矿产...,45735885
202501,3803,妥尔油，不论是否精炼,19322
202501,3804,木桨残余碱液，不论是...,926311
202501,3805,脂松节油、木松节油和...,943760
202501,3806,松香和树脂酸及衍生物...,12399855
202501,3807,木焦油；精制木焦油；...,290966
202501,3808,杀虫剂、杀鼠剂、杀菌...,853827478
202501,3809,纺织、造纸、制革及类...,20960877
202501,3810,金属表面酸洗剂；焊接...,21181543
202501,3811,抗震剂、抗氧剂、防胶...,56876495
202501,3812,配制的橡胶促进剂；其...,109669640
202501,3813,灭火器的装配药；已装...,3477471
202501,3814,其他品目未列名的有机...,5803073
202501,3815,其他品目未列名的反应...,115680243
202501,3816,耐火的水泥、灰泥、混...,46851425
202501,3817,混合烷基苯及混合烷基...,13532339
202501,3818,经掺杂用于电子工业的...,196303876
202501,3819,闸用液压油及其他液压...,3200287
202501,3820,防冻剂及解冻剂,3305756
202501,3821,制成的供微生物（包括...,6878934
202501,3822,附于衬背上的诊断或实...,140205969
202501,3823,工业用单羧脂肪酸；精...,8736852
202501,3824,铸模及铸芯用粘合剂；...,632169154
202501,3825,其他品目未列名的化学...,1198149
202501,3826,生物柴油及其混合物，...,24865994
202501,3827,其他品目未列名的含甲...,2033047
202501,3901,初级形状的乙烯聚合物,186756603
202501,3902,初级形状的丙烯或其他...,201911280
202501,3903,初级形状的苯乙烯聚合...,122662116
202501,3904,初级形状的氯乙烯或其...,321711672
202501,3905,初级形状的乙酸乙烯酯...,72830896
202501,3906,初级形状的丙烯酸聚合...,198793494
202501,3907,初级形状的聚缩醛、其...,1027748451
202501,3908,初级形状的聚酰胺,160084018
202501,3909,初级形状的氨基树脂、...,258596617
202501,3910,初级形状的聚硅氧烷,113041423
202501,3911,初级形状的石油树脂、...,122530689
202501,3912,初级形状的其他品目未...,99319446
202501,3913,初级形状的其他品目未...,77450999
202501,3914,初级形状的离子交换剂...,35197500
202501,3915,塑料的废料、下脚料及...,1670215
202501,3916,塑料单丝（截面直径＞...,129604196
202501,3917,塑料制的管子及其附件...,484203648
202501,3918,块状或成卷的塑料铺地...,686531316
202501,3919,自粘的塑料板、片、膜...,604157979
202501,3920,其他非泡沫塑料的板、...,1138958621
202501,3921,其他塑料板、片、膜、...,374835824
202501,3922,塑料浴缸、淋浴盘、洗...,149932661
202501,3923,供运输或包装货物用的...,1373014562
202501,3924,塑料制的餐具、厨房用...,1572883875
202501,3925,其他品目未列名的建筑...,386151907
202501,3926,其他塑料制品及品目3...,3094135055
202501,4001,天然橡胶、巴拉塔胶、...,2902043
202501,4002,合成橡胶及从油类提取...,196215388
202501,4003,再生橡胶，初级形状或...,8644184
202501,4004,橡胶（硬质橡胶除外）...,332252
202501,4005,未硫化的复合橡胶，初...,19662697
202501,4006,其他形状（例如，杆、...,1445051
202501,4007,硫化橡胶线及绳,14466806
202501,4008,硫化橡胶（硬质橡胶除...,46470055
202501,4009,硫化橡胶（硬质橡胶除...,174603868
202501,4010,硫化橡胶制的输送带或...,163792729
202501,4011,新的充气橡胶轮胎,1861823365
202501,4012,翻新的或旧的充气橡胶...,20251531
202501,4013,橡胶内胎,65551663
202501,4014,硫化橡胶（硬质橡胶除...,14678546
202501,4015,硫化橡胶（硬质橡胶除...,209306654
202501,4016,硫化橡胶（硬质橡胶除...,392639864
202501,4017,各种形状的硬质橡胶（...,5215891
202501,4101,生牛皮（包括水牛皮）...,1455200
202501,4102,绵羊或羔羊生皮（鲜的...,688158
202501,4103,其他生皮（鲜的、盐腌...,102218
202501,4104,经鞣制的不带毛牛皮（...,12148608
202501,4105,经鞣制的不带毛绵羊或...,6277323
202501,4106,经鞣制的其他不带毛动...,969400
202501,4107,经鞣制或半硝处理后进...,65447462
202501,4112,经鞣制或半硝处理后进...,2028312
202501,4113,鞣制或半硝处理后进一...,5518460
202501,4114,油鞣皮革（包括结合鞣...,839638
202501,4115,以皮革或皮革纤维为基...,757250
202501,4201,各种材料制成的鞍具及...,92638609
202501,4202,衣箱、提箱、小手袋、...,3090270093
202501,4203,皮革或再生皮革制的衣...,72545237
202501,4205,皮革或再生皮革的其他...,34722941
202501,4206,肠线（蚕胶丝除外）、...,42180
202501,4301,生毛皮（包括适合加工...,31222
202501,4302,未缝制或已缝制（不加...,19454143
202501,4303,毛皮制的衣服、衣着附...,27661102
202501,4304,人造毛皮及其制品,7884006
202501,4401,薪柴（圆木段、块、枝...,532166
202501,4402,木炭（包括果壳炭及果...,7441257
202501,4404,箍木；木劈条；已削尖...,341610
202501,4405,木丝；木粉,235352
202501,4406,铁道及电车道枕木,9357
202501,4407,经纵锯、纵切、刨切或...,8715180
202501,4408,饰面用单板（包括刨切...,45954404
202501,4409,任何一边、端或面制成...,18355387
202501,4410,碎料板、定向刨花板（...,27126489
202501,4411,木纤维板或其他木质材...,135516668
202501,4412,胶合板、单板饰面板及...,470853119
202501,4413,强化木，成块、板、条...,2029983
202501,4414,木制的画框、相框、镜...,53189880
202501,4415,包装木箱、木盒、板条...,9366988
202501,4416,木制的大桶、琵琶桶、...,362915
202501,4417,木制的工具、工具支架...,2877398
202501,4418,建筑用木工制品，包括...,159476504
202501,4419,木制餐具及厨房用具,146339543
202501,4420,镶嵌木（包括细工镶嵌...,98782255
202501,4421,其他木制品,401786838
202501,4501,未加工或简单加工的天...,126478
202501,4503,天然软木制品,26599
202501,4504,压制软木（不论是否使...,5181753
202501,4601,用编结材料编成的缏条...,35839995
202501,4602,用编结材料直接编成或...,119672351
202501,4701,机械木浆,175618
202501,4703,烧碱木浆或硫酸盐木浆...,7328670
202501,4704,亚硫酸盐木浆，但溶解...,214698
202501,4705,用机械与化学联合制浆...,402676
202501,4706,从回收（废料）纸或纸...,14469921
202501,4707,回收（废碎）纸或纸板,238230
202501,4801,成卷或成张的新闻纸,1183330
202501,4802,书写、印刷或类似用途...,108454914
202501,4803,卫生纸、面巾纸、餐巾...,32055589
202501,4804,成卷或成张的其他未经...,12712770
202501,4805,成卷或成张的其他未经...,68523471
202501,4806,成卷或成张的植物羊皮...,25029603
202501,4807,成卷或成张的复合纸及...,1322839
202501,4808,成卷成张的瓦楞纸及纸...,6277650
202501,4809,复写纸、自印复写纸及...,26612787
202501,4810,成卷或成张矩形（包括...,342886708
202501,4811,成卷或成张矩形（包括...,298101801
202501,4812,纸浆制的滤块、滤板及...,156561
202501,4813,卷烟纸，不论是否切成...,18645245
202501,4814,壁纸及类似品；窗用透...,33647520
202501,4816,复写纸、自印复写纸及...,8773650
202501,4817,纸或纸板制的信封、封...,21991019
202501,4818,卫生纸及类似纸、家庭...,230880188
202501,4819,纸、纸板、纤维素絮纸...,571549041
202501,4820,纸或纸板制的登记本、...,216890573
202501,4821,纸或纸板制的各种标签...,115966744
202501,4822,纸浆、纸或纸板（不论...,4650497
202501,4823,切成一定尺寸或形状的...,444910778
202501,4901,书籍、小册子、散页印...,91820248
202501,4902,报纸、杂志及期刊，不...,313724
202501,4903,儿童图画书、绘画或涂...,54850550
202501,4904,乐谱原稿或印本，不论...,78387
202501,4905,各种印刷的地图、水道...,626460
202501,4906,手绘的建筑、工程、工...,30733
202501,4907,在承认或将承认其面值...,4479440
202501,4908,转印贴花纸（移画印花...,23788663
202501,4909,印刷或有图画明信片；...,38057620
202501,4910,印刷的各种日历，包括...,5588308
202501,4911,其他印刷品，包括印刷...,105714823
202501,5002,生丝（未加捻）,17336800
202501,5003,废丝（包括不适于缫丝...,3966781
202501,5004,丝纱线（绢纺纱线除外...,9710614
202501,5005,绢纺纱线，非供零售用,8781317
202501,5006,丝纱线及绢纺纱线，供...,26329
202501,5007,丝或绢丝机织物,34883642
202501,5101,未梳的羊毛,2440289
202501,5102,未梳的动物细毛或粗毛,3413981
202501,5103,羊毛及动物细毛或粗毛...,1721476
202501,5105,已梳的羊毛及动物细毛...,67042557
202501,5106,粗梳羊毛纱线，非供零...,15884218
202501,5107,精梳羊毛纱线，非供零...,28280717
202501,5108,动物细毛（粗梳或精梳...,34618469
202501,5109,羊毛或动物细毛的纱线...,1567683
202501,5110,动物粗毛或马毛的纱线...,18030
202501,5111,粗梳羊毛或粗梳动物细...,9490892
202501,5112,精梳羊毛或精梳动物细...,16614234
202501,5113,动物粗毛或马毛机织物,304486
202501,5201,未梳的棉花,2806828
202501,5202,废棉（包括废棉纱线及...,36771
202501,5203,已梳的棉花,50849
202501,5204,棉制缝纫线，不论是否...,3246204
202501,5205,棉纱线（缝纫线除外）...,95977560
202501,5206,棉纱线（缝纫线除外）...,35353087
202501,5207,棉纱线（缝纫线除外）...,2954924
202501,5208,棉机织物，按重量计含...,450589759
202501,5209,棉机织物，按重量计含...,255941900
202501,5210,棉机织物，按重量计含...,69007195
202501,5211,棉机织物，按重量计含...,245730317
202501,5212,其他棉机织物,26972741
202501,5301,亚麻，生的或已经加工...,1212176
202501,5302,大麻，生的或已经加工...,4698
202501,5303,黄麻及其他纺织用韧皮...,2939
202501,5305,椰壳纤维、蕉麻（马尼...,651003
202501,5306,亚麻纱线,23276787
202501,5307,黄麻纱线或品目530...,861610
202501,5308,其他植物纺织纤维纱线...,2104576
202501,5309,亚麻机织物,195233500
202501,5310,黄麻或品目5303的...,662459
202501,5311,其他纺织用植物纤维机...,9057628
202501,5401,化学纤维长丝纺制的缝...,45726117
202501,5402,合成纤维长丝纱线（缝...,731147498
202501,5403,人造纤维长丝纱线（缝...,57147227
202501,5404,截面尺寸≤1mm，细...,25967221
202501,5405,截面尺寸≤1mm，细...,254944
202501,5406,化学纤维长丝纱线（缝...,7253031
202501,5407,合成纤维长丝纱线的机...,2338576698
202501,5408,人造纤维长丝纱线的机...,40891655
202501,5501,合成纤维长丝丝束,5588380
202501,5502,人造纤维长丝丝束,45717630
202501,5503,合成纤维短纤，未梳或...,157113842
202501,5504,人造纤维短纤，未梳或...,48746399
202501,5505,化学纤维废料（包括落...,39716
202501,5506,合成纤维短纤，已梳或...,5652070
202501,5507,人造纤维短纤，已梳或...,117509
202501,5508,化学纤维短纤纺制的缝...,40980498
202501,5509,合成纤维短纤纱线（缝...,200715905
202501,5510,人造纤维短纤纺制的纱...,55787601
202501,5511,化学纤维短纤纺制的纱...,7917584
202501,5512,合成纤维短纤纺制的机...,135501082
202501,5513,合成纤维短纤纺制的机...,87883667
202501,5514,合成纤维短纤纺制的机...,68516246
202501,5515,合成纤维短纤纺制的其...,215554990
202501,5516,人造纤维短纤纺制的机...,541450585
202501,5601,纺织材料絮胎及其制品...,46286742
202501,5602,毡呢，不论是否浸渍、...,29352586
202501,5603,无纺织物，不论是否浸...,385906440
202501,5604,用纺织材料包覆的橡胶...,42603640
202501,5605,含金属纱线，不论是否...,10610617
202501,5606,粗松螺旋花线，品目5...,35093631
202501,5607,线、绳、索、缆，不论...,109094968
202501,5608,线、绳或索结制的网料...,91769477
202501,5609,用纱线、品目5404...,43957045
202501,5701,结织栽绒地毯及纺织材...,9829772
202501,5702,机织地毯及纺织材料的...,87877936
202501,5703,簇绒地毯及纺织材料的...,132539079
202501,5704,毡呢地毯及纺织材料的...,2655570
202501,5705,其他地毯及纺织材料的...,204022017
202501,5801,起绒机织物及绳绒织物...,120044787
202501,5802,毛巾织物及类似的毛圈...,4791162
202501,5803,纱罗，但品目5806...,2202487
202501,5804,网眼薄纱及其他网眼织...,96146795
202501,5805,“哥白林”、“弗朗德...,186616
202501,5806,狭幅机织物，但品目5...,191813686
202501,5807,非绣制的纺材料制标签...,45541251
202501,5808,成匹的编带；非绣制的...,15821458
202501,5809,其他品目未列名的金属...,206023
202501,5810,成匹、成条或成小块图...,169888824
202501,5811,经绗缝或其他方法用一...,8692166
202501,5901,用胶或淀粉物质涂布的...,38207769
202501,5902,尼龙或其他聚酰胺、聚...,75069778
202501,5903,用塑料浸渍、涂布、包...,721995783
202501,5904,列诺伦（亚麻油地毡）...,3457153
202501,5905,糊墙织物,3786438
202501,5906,用橡胶处理的纺织物，...,25723395
202501,5907,用其他材料浸渍、涂布...,42428230
202501,5908,用纺织材料机织、编结...,558722
202501,5909,纺织材料制的水龙软管...,17154962
202501,5910,纺织材料制的传动带或...,12672914
202501,5911,本章注释7所规定的作...,85636250
202501,6001,针织或钩编的起绒织物...,560959282
202501,6002,宽度≤30cm，按重...,17958177
202501,6003,宽度≤30cm，含弹...,5123146
202501,6004,宽度＞30cm，按重...,624733890
202501,6005,经编织物（包括由花边...,154720375
202501,6006,其他针织物或钩编织物,1171130912
202501,6101,针织或钩编的男式大衣...,15762847
202501,6102,针织或钩编的女式大衣...,34914022
202501,6103,针或钩织的男式西服套...,563870001
202501,6104,针或钩织的女式西服套...,1380369496
202501,6105,针织或钩编的男衬衫,187187523
202501,6106,针织或钩编的女衬衫,41921319
202501,6107,针织或钩编的男式内裤...,300628573
202501,6108,针织或钩编的女式长衬...,629657679
202501,6109,针织或钩编的Ｔ恤衫、...,1133252870
202501,6110,针织或钩编的套头衫、...,1610314351
202501,6111,针织或钩编的婴儿服装...,174090472
202501,6112,针织或钩编的运动服、...,271860531
202501,6113,用品目5903、59...,17778873
202501,6114,针织或钩编的其他服装,228827777
202501,6115,针织或钩编的连裤袜、...,690789003
202501,6116,针织或钩编的分指手套...,286745202
202501,6117,其他制成的针织或钩编...,194226141
202501,6201,男式大衣、短大衣、斗...,288263210
202501,6202,女式大衣、短大衣、斗...,375126710
202501,6203,男式西服套装、便服套...,1156106495
202501,6204,女式西服套装、便服套...,2542306825
202501,6205,男衬衫,264573339
202501,6206,女衬衫,236011049
202501,6207,男式背心及其他内衣、...,35758853
202501,6208,女式背心及其他内衣、...,129365370
202501,6209,婴儿服装及衣着附件,42174195
202501,6210,用品目5602、56...,296549146
202501,6211,运动服、滑雪服及游泳...,565253585
202501,6212,胸罩、腹带、紧身胸衣...,472273391
202501,6213,手帕,11097096
202501,6214,披巾、头巾、围巾、披...,129767568
202501,6215,领带及领结,17632662
202501,6216,分指手套、连指手套及...,25399395
202501,6217,其他制成的衣着附件；...,36847837
202501,6301,毯子及旅行毯,337976471
202501,6302,床上、餐桌、 盥洗及...,928890806
202501,6303,窗帘（包括帷帘）及帐...,330829305
202501,6304,其他装饰用织物制品，...,238136906
202501,6305,货物包装用袋,152662662
202501,6306,油苫布、天蓬及遮阳蓬...,483722807
202501,6307,其他制成品，包括服装...,863199088
202501,6308,由机织物及纱线构成的...,2745763
202501,6309,旧衣物,32026655
202501,6310,纺织材料的新或旧的碎...,2410897
202501,6401,橡胶或塑料制外底及鞋...,71211981
202501,6402,橡胶或塑料制外底及鞋...,2620157698
202501,6403,橡胶、塑料、皮革或再...,833779654
202501,6404,橡胶、塑料、皮革、或...,1385008172
202501,6405,其他鞋靴,100465978
202501,6406,鞋靴零件（包括鞋面，...,412493850
202501,6501,毡呢制的帽坯、帽身及...,1070489
202501,6502,编结的帽坯或用任何材...,1062244
202501,6504,编结帽或用任何材料的...,46372140
202501,6505,针织或钩编的帽类，用...,358742504
202501,6506,其他帽类，不论有无衬...,223138073
202501,6507,帽圈、帽衬、帽套、帽...,13521868
202501,6601,雨伞及阳伞（包括手杖...,381337346
202501,6602,手杖、带座手杖、鞭子...,24427075
202501,6603,品目6601或660...,43151300
202501,6701,带羽毛或羽绒的鸟皮及...,4971646
202501,6702,人造花、叶、果实及其...,407343873
202501,6703,经梳理、稀疏、脱色或...,23212024
202501,6704,人发、动物毛或纺织材...,447868773
202501,6801,天然石料（不包括板岩...,1924753
202501,6802,已加工碑石或建筑用石...,338611962
202501,6803,已加工的板岩及板岩或...,13501402
202501,6804,未装支架的石磨、石碾...,139271646
202501,6805,砂布、砂纸及以其他材...,71514913
202501,6806,矿质棉、岩石棉及类似...,46317507
202501,6807,沥青或类似原料（例如...,6545098
202501,6808,镶板、平板、瓦、砖及...,18120761
202501,6809,石膏制品及以石膏为基...,20383304
202501,6810,水泥、混凝土或人造石...,232223765
202501,6811,石棉水泥、纤维素水泥...,18037630
202501,6812,已加工石棉纤维；以石...,7181609
202501,6813,以石棉、其他矿物质或...,9724214
202501,6814,已加工的云母及其制品...,23080296
202501,6815,其他品目未列名的石制...,80973144
202501,6901,硅质化石粉（例如，各...,326943
202501,6902,耐火砖、块、瓦及类似...,157827282
202501,6903,其他耐火陶瓷制品（例...,29472194
202501,6904,陶瓷制建筑用砖、铺地...,96734677
202501,6905,屋顶瓦、烟囱罩、通风...,9140985
202501,6906,陶瓷套管、导管、槽管...,1905093
202501,6907,陶瓷贴面砖、铺面砖，...,243633390
202501,6909,实验室、化学或其他技...,85535173
202501,6910,陶瓷洗涤槽、脸盆、脸...,435140359
202501,6911,瓷餐具、厨房器具及其...,656050092
202501,6912,陶餐具、厨房器具及其...,51325528
202501,6913,塑像及其他装饰用陶瓷...,146452283
202501,6914,其他陶瓷制品,94818429
202501,7001,碎玻璃及废玻璃，来源...,7135266
202501,7002,未加工的玻璃球、棒及...,17321997
202501,7003,铸制或轧制玻璃板、片...,5744157
202501,7004,拉制或吹制玻璃板、片...,19196996
202501,7005,浮法玻璃板、片及表面...,40011935
202501,7006,经弯曲、磨边、镂刻、...,47023183
202501,7007,钢化或层压玻璃制的安...,373854145
202501,7008,多层隔温、隔音玻璃组...,21651767
202501,7009,玻璃镜（包括后视镜）...,331753027
202501,7010,玻璃制的坛、瓶、缸、...,297493493
202501,7011,制灯泡和光源、阴极射...,1620594
202501,7013,玻璃器皿，供餐桌、厨...,588474123
202501,7014,未经光学加工的信号玻...,10384633
202501,7015,钟表玻璃及类似玻璃、...,356967
202501,7016,建筑用压制或模制的铺...,43562426
202501,7017,实验室、卫生及配药用...,13286922
202501,7018,玻璃珠、仿珍珠、仿宝...,201850516
202501,7019,玻璃纤维（包括玻璃棉...,267612020
202501,7020,其他玻璃制品,49198902
202501,7101,天然或养殖珍珠，不论...,3888045
202501,7102,钻石，不论是否加工，...,92141488
202501,7103,宝石（钻石除外）或半...,1842058
202501,7104,合成或再造宝石或半宝...,52283109
202501,7105,天然或合成的宝石或半...,15775383
202501,7106,银（包括镀金、镀铂的...,278048139
202501,7107,以贱金属为底的包银材...,2931284
202501,7108,金（包括镀铂的金），...,1943725742
202501,7109,以贱金属或银为底的包...,64
202501,7110,铂，未锻造、半制成或...,9869219
202501,7111,以贱金属、银或金为底...,336
202501,7112,贵金属或包贵金属的废...,703977
202501,7113,贵金属或包贵金属制的...,883819402
202501,7114,贵金属或包贵金属制的...,45952088
202501,7115,贵金属或包贵金属的其...,31886479
202501,7116,用天然或养殖珍珠、宝...,25802269
202501,7117,仿首饰,308046299
202501,7118,硬币,330701
202501,7201,生铁及镜铁，锭、块或...,784540
202501,7202,铁合金,154752356
202501,7203,直接从铁矿还原所得的...,794615
202501,7204,钢铁废料及碎料；供再...,8639
202501,7205,生铁、镜铁及钢铁的颗...,18270007
202501,7206,铁及非合金钢，锭或其...,257550
202501,7207,铁及非合金钢的半制成...,297300813
202501,7208,宽度≥600mm的铁...,1139033951
202501,7209,宽度≥600mm的铁...,163923525
202501,7210,宽度≥600mm的铁...,1441423590
202501,7211,宽度＜600mm的铁...,35578156
202501,7212,宽度＜600mm的铁...,120143908
202501,7213,不规则盘卷的铁及非合...,231899741
202501,7214,铁或非合金钢的其他条...,173250112
202501,7215,铁及非合金钢的其他条...,9409409
202501,7216,铁或非合金钢的角材、...,243039438
202501,7217,铁丝或非合金钢丝,147420272
202501,7218,不锈钢，锭状及其他初...,224955
202501,7219,不锈钢平板轧材，宽度...,441304920
202501,7220,不锈钢平板轧材，宽度...,50955244
202501,7221,不规则盘卷的不锈钢热...,29012517
202501,7222,不锈钢其他条、杆；不...,32377646
202501,7223,不锈钢丝,23692454
202501,7224,其他合金钢，锭状或其...,5242613
202501,7225,其他合金钢平板轧材，...,374926952
202501,7226,其他合金钢平板轧材，...,41412678
202501,7227,不规则盘卷的其他合金...,64595779
202501,7228,其他合金钢条、杆；其...,170625214
202501,7229,其他合金钢丝,33620184
202501,7301,钢铁板桩，不论是否钻...,67048705
202501,7302,铁道及电车道铺轨用钢...,66043959
202501,7303,铸铁管及空心异型材,42249322
202501,7304,无缝钢铁管及空心异型...,618441186
202501,7305,其他圆形截面钢铁管（...,94735416
202501,7306,其他钢铁管及空心异型...,327123819
202501,7307,钢铁管子附件（例如，...,472847541
202501,7308,钢铁结构体（品目94...,2166861258
202501,7309,盛装物料用的钢铁槽、...,92074142
202501,7310,盛装物料用的钢铁桶、...,106639958
202501,7311,装压缩气体或液化气体...,113053572
202501,7312,非绝缘的钢铁绞股线、...,257417583
202501,7313,带刺钢铁丝；围篱用的...,17708400
202501,7314,钢铁丝制的布（包括环...,164663506
202501,7315,钢铁链及其零件,221757226
202501,7316,钢铁锚、多爪锚及其零...,30622810
202501,7317,钢铁制钉、平头钉、图...,151283420
202501,7318,钢铁制的螺钉、螺栓、...,1015810088
202501,7319,钢铁制的手工缝针、编...,16981715
202501,7320,钢铁制弹簧及弹簧片,95280921
202501,7321,非电热的钢铁制家用炉...,621153090
202501,7322,非电热的钢铁制集中供...,21511097
202501,7323,餐桌、厨房用或其他家...,1048738316
202501,7324,钢铁制卫生器具及其零...,295656583
202501,7325,其他钢铁铸造制品,129226840
202501,7326,其他钢铁制品,1739314976
202501,7402,未精炼铜；电解精炼用...,34853
202501,7403,未锻轧的精炼铜及铜合...,152429114
202501,7404,铜废料及碎料,23218
202501,7405,铜母合金,606971
202501,7406,铜粉及片状粉末,2985244
202501,7407,铜条、杆、型材及异型...,23986557
202501,7408,铜丝,136849560
202501,7409,铜板、片及带，厚度＞...,108810440
202501,7410,铜箔（不论是否印花或...,95605881
202501,7411,铜管,271013257
202501,7412,铜制管子附件（例如，...,169056417
202501,7413,非绝缘铜丝绞线、缆、...,7798262
202501,7415,铜制或钢铁制带铜头的...,17441637
202501,7418,餐桌、厨房或其他家用...,56047976
202501,7419,其他铜制品,55022183
202501,7501,镍锍、氧化镍烧结物及...,727200
202501,7502,未锻轧镍,231414515
202501,7504,镍粉及片状粉末,12201039
202501,7505,镍条、杆、型材及异型...,26049762
202501,7506,镍板、片、带、箔,6146426
202501,7507,镍管及管子附件（例如...,14996606
202501,7508,其他镍制品,5357836
202501,7601,未锻轧铝,73125528
202501,7602,铝废料及碎料,203077
202501,7603,铝粉及片状粉末,4787740
202501,7604,铝条、杆、型材及异型...,267631660
202501,7605,铝丝,22547704
202501,7606,铝板、片及带，厚度＞...,785943256
202501,7607,铝箔（不论是否印花或...,468490285
202501,7608,铝管,48820698
202501,7609,铝制管子附件（例如，...,20524140
202501,7610,铝制结构体（品目94...,683077867
202501,7611,盛装物料用的铝制槽、...,2068274
202501,7612,盛装物料用的铝制桶、...,41935387
202501,7613,装压缩气体或液化气体...,8957170
202501,7614,非绝缘的铝制绞股线、...,69989936
202501,7615,餐桌、厨房用或其他家...,466798025
202501,7616,其他铝制品,589586359
202501,7801,未锻轧铅,2760773
202501,7804,铅板、片、带、箔；铅...,2973401
202501,7806,其他铅制品,1271629
202501,7901,未锻轧锌,17137086
202501,7903,锌末、锌粉及片状粉末,1251210
202501,7904,锌条、杆、型材及异型...,1702090
202501,7905,锌板、片、带、箔,254459
202501,7907,其他锌制品,12117680
202501,8001,未锻轧锡,63813632
202501,8003,锡条、杆、型材及异型...,3259052
202501,8007,其他锡制品,3661050
202501,8101,钨及其制品，包括废料...,31001597
202501,8102,钼及其制品，包括废料...,24724489
202501,8103,钽及其制品，包括废料...,23622143
202501,8104,镁及其制品，包括废料...,92265234
202501,8105,钴锍及其他冶炼钴时所...,35975748
202501,8106,铋及其制品， 包括废...,3680371
202501,8108,钛及其制品，包括废料...,83702935
202501,8109,锆及其制品，包括废料...,789176
202501,8110,锑及其制品，包括废料...,529470
202501,8111,锰及其制品，包括废料...,50653676
202501,8112,铍、铬、铪、铼、铊、...,50871654
202501,8113,金属陶瓷及其制品，包...,6653563
202501,8201,锹、铲、镐、锄、叉及...,136379350
202501,8202,手工锯；各种锯的锯片...,204337185
202501,8203,钢锉、木锉、钳子（包...,126806484
202501,8204,手动扳手及扳钳（包括...,175552405
202501,8205,其他处未列名的手工工...,456355691
202501,8206,由品目8202至82...,106447023
202501,8207,手工具（不论是否有动...,508888790
202501,8208,机器或机械器具的刀及...,77804327
202501,8209,未装配的工具用金属陶...,63262579
202501,8210,用于加工或调制食品或...,30242879
202501,8211,有刃口的刀及其刀片，...,154887695
202501,8212,剃刀及其刀片（包括未...,65454385
202501,8213,剪刀、裁缝剪刀及类似...,75756455
202501,8214,其他利口器（例如，理...,98851183
202501,8215,餐匙、餐叉、长柄勺、...,251040732
202501,8301,贱金属制的锁（钥匙锁...,597224382
202501,8302,用于家具、门窗、楼梯...,1405870213
202501,8303,装甲或加强的贱金属制...,69287089
202501,8304,贱金属制的档案柜、卡...,20757963
202501,8305,活页夹、卷宗夹的贱金...,48528944
202501,8306,非电动的贱金属铃、钟...,182092199
202501,8307,贱金属软管，不论是否...,56241538
202501,8308,贱金属制的扣、钩、环...,149764481
202501,8309,贱金属制的塞子、盖子...,147207554
202501,8310,贱金属制的标志牌、铭...,31915691
202501,8311,贱金属或硬质合金制的...,94046953
202501,8401,核反应堆；核反应堆的...,9121
202501,8402,蒸汽锅炉（能产生低压...,101162931
202501,8403,集中供暖用的热水锅炉...,28991624
202501,8404,品目8402或840...,37048201
202501,8405,煤气发生器，不论有无...,16927989
202501,8406,汽轮机,60657205
202501,8407,点燃往复式或旋转式活...,292098313
202501,8408,压燃式活塞内燃发动机...,234344535
202501,8409,专用于或主要用于品目...,987095581
202501,8410,水轮机、水轮及其调节...,27841295
202501,8411,涡轮喷气发动机，涡轮...,291349827
202501,8412,其他发动机及动力装置,411861662
202501,8413,液体泵，不论是否装有...,1466092340
202501,8414,空气泵或真空泵、空气...,2929885027
202501,8415,空气调节器，装有电扇...,2947724086
202501,8416,使用液体燃料、粉状固...,15036444
202501,8417,非电热工业或实验室用...,180719925
202501,8418,电气或非电气的冷藏箱...,1716862193
202501,8419,利用温度变化处理材料...,967957802
202501,8420,砑光机或其他滚压机器...,30941725
202501,8421,离心机，包括离心干燥...,1370458913
202501,8422,洗碟机；瓶子及其他容...,499360280
202501,8423,衡器（感量≤50mg...,194680440
202501,8424,液体或粉末的喷射、散...,720259391
202501,8425,滑车及提升机，但倒卸...,316334816
202501,8426,船用桅杆式起重机；起...,503960606
202501,8427,叉车；其他装有升降或...,743619553
202501,8428,其他升降、搬运、装卸...,832357049
202501,8429,机动推土机、侧铲推土...,1326445766
202501,8430,泥土、矿物或矿石的运...,356644308
202501,8431,专用于或主要用于品目...,1461369067
202501,8432,农业、园林及林业用整...,138984804
202501,8433,收割机、脱粒机，包括...,660472919
202501,8434,挤奶机及乳品加工机器,9347947
202501,8435,制酒、制果汁或制类似...,5647954
202501,8436,农业、园艺、林业、家...,106145705
202501,8437,种子、谷物或干豆的清...,60337515
202501,8438,本章其他品目未列名的...,181222394
202501,8439,纤维素纸浆、纸及纸板...,68180020
202501,8440,书本装订机器，包括锁...,7113445
202501,8441,其他制造纸浆制品、纸...,235329924
202501,8442,制印刷版（片）、滚筒...,21769830
202501,8443,用品目8442的印刷...,1175425340
202501,8444,化学纺织纤维挤压、拉...,19761491
202501,8445,纺织纤维的预处理机器...,48558708
202501,8446,织机,62854749
202501,8447,针织机、缝编机及制粗...,195597846
202501,8448,品目8444、844...,79102953
202501,8449,成匹、成形的毡呢或无...,23628240
202501,8450,家用型或洗衣房用洗衣...,630153870
202501,8451,纱线、织物及纺织制品...,168429426
202501,8452,缝纫机，但品目844...,256248185
202501,8453,生皮、皮革的处理、鞣...,45999617
202501,8454,金属冶炼及铸造用的转...,103592967
202501,8455,金属轧机及其轧辊,246445722
202501,8456,用激光、其他光、光子...,213095051
202501,8457,加工金属的加工中心、...,85442720
202501,8458,切削金属的车床（包括...,78232450
202501,8459,切削金属的钻床、镗床...,55709556
202501,8460,用磨石、磨料或抛光材...,42977282
202501,8461,切削金属或金属陶瓷的...,50423332
202501,8462,加工金属的锻造、锻锤...,247065131
202501,8463,金属或金属陶瓷的其他...,63578827
202501,8464,石料、陶瓷、混凝土、...,76955117
202501,8465,木材、软木、骨、硬质...,217854310
202501,8466,专用于或主要用于品目...,183009192
202501,8467,手提式风动或液压工具...,1557614523
202501,8468,焊接机器及装置，不论...,51812890
202501,8470,计算机器及具有计算功...,250292196
202501,8471,自动数据处理设备及其...,12692045299
202501,8472,其他办公室用机器（例...,101679576
202501,8473,专用于或主要用于品目...,2740002476
202501,8474,泥土、石料、矿石或其...,565097027
202501,8475,白炽灯泡、灯管、放电...,27003863
202501,8476,自动售货机（例如，出...,37444617
202501,8477,本章其他品目未列名的...,797779193
202501,8478,本章其他品目未列名的...,1718785
202501,8479,本章其他品目未列名的...,1639015879
202501,8480,金属铸造用型箱；型模...,786266032
202501,8481,用于管道、锅炉、罐、...,2554211285
202501,8482,滚动轴承,650007618
202501,8483,传动轴（包括凸轮轴及...,1042954491
202501,8484,密封垫或类似接合衬垫...,82200858
202501,8485,增材制造设备,118422607
202501,8486,专用于或主要用于制造...,392621396
202501,8487,本章其他品目未列名的...,343956496
202501,8501,电动机及发电机（不包...,1562685150
202501,8502,发电机组及旋转式变流...,733689586
202501,8503,专用于或主要用于品目...,745760203
202501,8504,变压器、静止式变流器...,4171566374
202501,8505,电磁铁；永磁铁及磁化...,448236175
202501,8506,原电池及原电池组,243534249
202501,8507,蓄电池，包括隔板，不...,6049062597
202501,8508,真空吸尘器,670399989
202501,8509,家用电动器具，品目8...,1242549928
202501,8510,电动剃须刀、电动毛发...,215953741
202501,8511,点燃式或压燃式内燃发...,373303141
202501,8512,自行车或机动车辆用的...,651904986
202501,8513,"自供能源(例如,使用...",276247187
202501,8514,工业或实验室用电炉及...,140127227
202501,8515,电气（包括电热气体）...,315926190
202501,8516,电热的快速热水器、储...,3005390917
202501,8517,电话机，包括用于蜂窝...,17128140892
202501,8518,传声器（麦克风）及其...,1428505261
202501,8519,声音录制或重放设备,105467409
202501,8521,视频信号录制或重放设...,196488071
202501,8522,专用于或主要用于品目...,46350975
202501,8523,录制声音或其他信息用...,405778497
202501,8524,平板显示模组，不论是...,3621862991
202501,8525,无线电广播、电视发送...,1062235103
202501,8526,雷达设备、无线电导航...,266021121
202501,8527,无线电广播接收设备，...,248966281
202501,8528,监视器及投影机，未装...,2718265160
202501,8529,专用于或主要用于品目...,1594668628
202501,8530,铁道、电车道、道路或...,47602961
202501,8531,电气音响或视觉信号装...,431902420
202501,8532,固定、可变或可调（微...,479500349
202501,8533,电阻器（包括变阻器及...,226396920
202501,8534,印刷电路,1926758182
202501,8535,电路开关、保护或连接...,134589876
202501,8536,电路开关、保护或连接...,2205860269
202501,8537,用于电气控制或电力分...,1358452502
202501,8538,专用于或主要用于品目...,555645382
202501,8539,白炽灯泡、放电灯管，...,582843417
202501,8540,热电子管、冷阴极管或...,11845242
202501,8541,半导体器件（例如，二...,3646256620
202501,8542,集成电路,12890807891
202501,8543,本章其他品目未列名的...,1652534899
202501,8544,绝缘(包括漆包或阳极...,3029618262
202501,8545,碳电极、碳刷、灯碳棒...,215849553
202501,8546,各种材料制的绝缘子,80254149
202501,8547,电气机器、器具或设备...,92337828
202501,8548,机器或设备的本章其他...,121615401
202501,8549,电子电气废弃物及碎料,257185
202501,8601,铁道电力机车，由外部...,3499808
202501,8602,其他铁道机车；机车煤...,10629846
202501,8603,铁道或电车道用的机动...,61084165
202501,8604,铁道或电车道用的维修...,7041375
202501,8605,铁道或电车道用的非机...,11093142
202501,8606,铁道或电车道用的非机...,21418816
202501,8607,铁道或电车道用的机车...,176773339
202501,8608,铁道或电车道轨道固定...,19546062
202501,8609,集装箱（包括运输液体...,1443867339
202501,8701,牵引车、拖拉机（品目...,405173591
202501,8702,客运机动车辆，≥10...,470785754
202501,8703,主要用于载人的机动车...,7190924945
202501,8704,货运机动车辆,1066755428
202501,8705,特殊用途的机动车辆（...,282112909
202501,8706,装有发动机的机动车辆...,21146719
202501,8707,机动车辆的车身（包括...,176856529
202501,8708,机动车的零件、附件，...,5654473090
202501,8709,短距离运输货物的机动...,20944165
202501,8711,摩托车（包括机器脚踏...,1586265933
202501,8712,自行车等非机动脚踏车...,296175695
202501,8713,残疾人用车，不论是否...,109917012
202501,8714,零件、附件，品目87...,1060295951
202501,8715,婴孩车及其零件,169970415
202501,8716,挂车及半挂车或其他非...,625636840
202501,8801,气球及飞艇；滑翔机、...,150619
202501,8802,其他航空器(例如，直...,83536975
202501,8804,降落伞（包括可操纵降...,636516
202501,8805,航空器的发射装置、甲...,10841823
202501,8806,无人驾驶航空器,202803155
202501,8807,品目88.01、88...,176273398
202501,8901,巡航船、游览船、渡船...,4921410732
202501,8902,捕鱼船；加工船及其他...,20233887
202501,8903,娱乐或运动用快艇及其...,60952479
202501,8904,拖轮及顶推船,62332222
202501,8905,灯船、消防船、挖泥船...,597967016
202501,8906,其他船舶，包括军舰及...,36181794
202501,8907,其他浮动结构体（例如...,12519691
202501,9001,光导纤维及光导纤维束...,472292288
202501,9002,已装配的各种材料制透...,358956363
202501,9003,眼镜架及其零件,226255694
202501,9004,矫正视力、保护眼睛或...,473623258
202501,9005,双筒望远镜、单筒望远...,53701118
202501,9006,照相机（电影摄影机除...,63012538
202501,9007,电影摄影机、放映机，...,11809852
202501,9008,影像投影仪，但电影用...,16121705
202501,9010,本章其他品目未列名的...,19164318
202501,9011,复式光学显微镜，包括...,36857708
202501,9012,显微镜，但光学显微镜...,5387402
202501,9013,激光器、但激光二极管...,154714127
202501,9014,定向罗盘；其他导航仪...,7183614
202501,9015,大地测量（包括摄影测...,150902451
202501,9016,感量≤50毫克的天平...,8966931
202501,9017,绘图、画线或数学计算...,111052079
202501,9018,医疗、外科、牙科或兽...,1095825824
202501,9019,机械疗法器具；按摩器...,532201825
202501,9020,其他呼吸器具及防毒面...,12374153
202501,9021,矫形器具，包括支具、...,239825780
202501,9022,X射线或α射线、β射...,259748993
202501,9023,专供示范（例如，教学...,67225730
202501,9024,各种材料（例如，金属...,22638991
202501,9025,记录式或非纪录式的液...,139434545
202501,9026,液体或气体的流量、液...,277781150
202501,9027,理化分析仪器及装置（...,293009595
202501,9028,生产或供应气体、液体...,279821516
202501,9029,转数计、产量计数器、...,73671895
202501,9030,示波器、频谱分析仪及...,228125774
202501,9031,本章其他品目未列名的...,699876588
202501,9032,自动调节或控制仪器及...,472990450
202501,9033,第90章所列机器、器...,19565567
202501,9101,手表、怀表及其他表，...,3611591
202501,9102,手表、怀表及其他表，...,179511532
202501,9103,以表芯组装成的钟，但...,401716
202501,9104,仪表板钟及车辆、航空...,337917
202501,9105,其他钟,84746686
202501,9106,时间记录器以及测量、...,22517429
202501,9107,装有钟、表机芯或同步...,13604084
202501,9108,已组装的完整表芯,3369431
202501,9109,已组装的完整钟芯,2251645
202501,9110,未组装或部分组装的完...,3055588
202501,9111,表壳及其零件,36552710
202501,9112,钟壳和本章所列其他货...,362400
202501,9113,表带及其零件,40857992
202501,9114,钟、表的其他零件,24466399
202501,9201,钢琴，包括自动钢琴；...,6894641
202501,9202,其他弦乐器（例如，吉...,42304012
202501,9205,管乐器，但游艺场风琴...,24680257
202501,9206,打击乐器（例如，鼓、...,18638055
202501,9207,通过电产生或扩大声音...,67335430
202501,9208,百音盒、游艺场风琴、...,5902954
202501,9209,乐器的零件（例如，百...,27882675
202501,9303,靠爆炸药发射的其他火...,827918
202501,9304,其他武器（例如，弹簧...,16922873
202501,9305,品目9301至930...,3315456
202501,9306,炸弹、手榴弹、鱼雷、...,976002
202501,9307,剑、短弯刀、刺刀、长...,2667026
202501,9401,坐具（包括能作床用的...,3320796312
202501,9402,医疗、外科、牙科或兽...,126822497
202501,9403,其他家具及其零件,3587651456
202501,9404,弹簧床垫；寝具及类似...,1085471348
202501,9405,其他品目未列名的灯具...,3893832770
202501,9406,活动房屋,376663881
202501,9503,三轮车、踏板车、踏板...,3418443917
202501,9504,视频游戏控制器及设备...,1092507238
202501,9505,节日（包括狂欢节）用...,228319310
202501,9506,一般的体育活动、体操...,1851137910
202501,9507,钓鱼竿、钓鱼钩及其他...,218716135
202501,9508,流动马戏团及流动动物...,14409348
202501,9601,已加工的兽牙、骨、龟...,1035897
202501,9602,已加工的植物质或矿物...,26800297
202501,9603,帚、刷（包括作为机器...,624613504
202501,9604,手用粗筛、细筛,317637
202501,9605,个人梳妆、缝纫或清洁...,18533461
202501,9606,钮扣、揿扣、钮扣芯及...,86940836
202501,9607,拉链及其零件,195371982
202501,9608,圆珠笔；毡尖及其他渗...,282530393
202501,9609,铅笔（品目9608的...,91187885
202501,9610,具有书写或绘画面的石...,54850367
202501,9611,手用日期戳、封缄戳、...,5704128
202501,9612,打字机色带或类似色带...,23746482
202501,9613,香烟打火机和其他打火...,125023766
202501,9614,烟斗（包括烟斗头）和...,27497486
202501,9615,梳子、发夹及类似品；...,252101118
202501,9616,香水喷雾器或类似的化...,109025698
202501,9617,保温瓶和其他真空容器...,588310836
202501,9618,裁缝用人体模型及其他...,26954324
202501,9619,任何材料制的卫生巾（...,358205726
202501,9620,独脚架、双脚架、三脚...,58927346
202501,9701,油画、粉画及其他手绘...,70189762
202501,9702,雕版画、印制画、石印...,13016
202501,9703,各种材料制的雕塑品原...,3155918
202501,9704,使用过或未使用过的邮...,1
202501,9705,具有考古学、人种学、...,202311
202501,9706,超过100年的古物,16317785
202501,9801,未分类商品,32173004
202501,9804,低值简易通关商品,8136761013
202501,9805,个人跨境电商商品,95574176
202501,9900,跨境电商B2B简化申...,199157561
